ts,accion,ronda,actor,mensaje
2025-09-10T16:38:09,generate_round,1,Admin,[4º ESO-BACH][2025-2026] pairings guardado en /mount/src/clozano_ajedrez_v2026_2/data/pairings_R1.csv
2025-09-10T16:38:16,publish_round,1,Admin,[4º ESO-BACH][2025-2026] Publicada desde Admin
2025-09-10T16:39:11,save_results,1,Admin,[4º ESO-BACH][2025-2026] Resultados actualizados
2025-09-10T16:39:26,generate_round,2,Admin,[4º ESO-BACH][2025-2026] pairings guardado en /mount/src/clozano_ajedrez_v2026_2/data/pairings_R2.csv
2025-09-10T16:39:33,generate_round,3,Admin,[4º ESO-BACH][2025-2026] pairings guardado en /mount/src/clozano_ajedrez_v2026_2/data/pairings_R3.csv
2025-09-10T16:39:55,publish_round,3,Admin,[4º ESO-BACH][2025-2026] Publicada desde Admin
2025-09-10T16:40:00,unpublish_round,3,Admin,[4º ESO-BACH][2025-2026] Despublicada (última publicada)
2025-09-10T16:40:03,publish_round,3,Admin,[4º ESO-BACH][2025-2026] Publicada desde Admin
2025-09-10T16:40:05,publish_round,2,Admin,[4º ESO-BACH][2025-2026] Publicada desde Admin
2025-09-10T16:40:10,unpublish_round,3,Admin,[4º ESO-BACH][2025-2026] Despublicada (última publicada)
2025-09-12T05:09:02,publish_round,3,Admin,[4º ESO-BACH][2025-2026] Publicada desde Admin
2025-09-12T05:10:38,save_results,3,Admin,[4º ESO-BACH][2025-2026] Resultados actualizados
2025-09-12T05:10:54,unpublish_round,3,Admin,[4º ESO-BACH][2025-2026] Despublicada (última publicada)
2025-09-12T05:10:57,unpublish_round,2,Admin,[4º ESO-BACH][2025-2026] Despublicada (última publicada)
2025-09-12T05:11:00,unpublish_round,1,Admin,[4º ESO-BACH][2025-2026] Despublicada (última publicada)
2025-09-12T05:11:10,publish_round,1,Admin,[4º ESO-BACH][2025-2026] Publicada desde Admin
2025-09-12T05:11:17,publish_round,2,Admin,[4º ESO-BACH][2025-2026] Publicada desde Admin
2025-09-12T05:11:20,publish_round,3,Admin,[4º ESO-BACH][2025-2026] Publicada desde Admin
2025-09-12T05:33:53,unpublish_round,3,Admin,[4º ESO-BACH][2025-2026] Despublicada (última publicada)
2025-09-13T08:46:47,publish_round,3,Admin,[4º ESO-BACH][2025-2026] Publicada desde Admin
2025-09-13T08:47:46,unpublish_round,3,Admin,[4º ESO-BACH][2025-2026] Despublicada (última publicada)
2025-09-13T21:31:49,generate_round,5,admin,pairings guardado en /mount/src/clozano_ajedrez_v2026_2/data/pairings_R5.csv
2025-09-13T21:33:47,generate_round,6,admin,pairings guardado en /mount/src/clozano_ajedrez_v2026_2/data/pairings_R6.csv
2025-09-14T00:24:53,delete_round,6,admin,pairings_R6.csv eliminado
2025-09-14T00:45:00,generate_round,6,admin,pairings guardado en /mount/src/clozano_ajedrez_v2026_2/data/pairings_R6.csv
2025-09-14T00:51:59,generate_round,6,admin,pairings guardado en /mount/src/clozano_ajedrez_v2026_2/data/pairings_R6.csv
2025-09-14T00:52:24,delete_round,6,admin,pairings_R6.csv eliminado
2025-09-14T00:59:10,generate_round,6,admin,pairings guardado en /mount/src/clozano_ajedrez_v2026_2/data/pairings_R6.csv
2025-09-14T00:59:33,delete_round,6,admin,pairings_R6.csv eliminado
2025-09-14T05:17:42,save_results,5,admin,Resultados actualizados
2025-09-14T05:18:55,save_results,4,admin,Resultados actualizados
2025-09-16T08:52:01,generate_round,6,Admin,pairings guardado en /mount/src/clozano_ajedrez_v2026_2/data/pairings_R6.csv
2025-09-17T05:29:54,save_results,5,Admin,Resultados actualizados
2025-09-17T05:30:04,save_results,5,Admin,Resultados actualizados
2025-09-21T05:55:52,save_results,6,Admin,Resultados actualizados
