{
  "rounds": {
    "6": {
      "date": "2025-09-21",
      "published": true,
      "closed": false
    },
    "5": {
      "date": "2025-09-17",
      "published": true,
      "closed": true
    },
    "4": {
      "date": "2025-09-29",
      "published": true,
      "closed": true
    },
    "3": {
      "closed": false,
      "published": true
    },
    "1": {
      "closed": true,
      "published": true
    },
    "2": {
      "closed": true,
      "published": true
    }
  },
  "change_log": []
}