mesa,blancas_id,blancas_nombre,negras_id,negras_nombre,resultado
1,14,Laura Aguilar S.,38,Imane El H.,1-0
2,25,Leyla El K.,36,David Martín C.,1-0
3,3,Amina El F.,11,Diego Navarro I.,1-0
4,30,Emma Calderón T.,5,Noa Romero S.,1/2-1/2
5,29,Óscar Santiago A.,2,Carlos Pérez L.,1/2-1/2
6,34,Ismael Saidi B.,8,Hugo Molina C.,1/2-1/2
7,39,Guillermo Sanz P.,18,Daniel Ramos C.,1/2-1/2
8,10,María Castro S.,27,Ainhoa Peña B.,1/2-1/2
9,13,Youssef El H.,31,María Zhou L.,1-0
10,19,Chen Li W.,24,Iker Cruz D.,1/2-1/2
11,6,Adrián Blanco O.,21,Nora Carmona P.,1/2-1/2
12,22,Julia Herrera C.,4,Marcos Ruiz G.,1/2-1/2
13,35,Elena Silva P.,40,Aarón Del V.,1/2-1/2
14,9,Mehdi Ben A.,15,Paula Marín R.,1/2-1/2
15,33,Lucas Nuñez P.,37,Yaiza Montero B.,1/2-1/2
16,12,Alejandro Serrano C.,32,Rania El A.,1/2-1/2
17,1,Lucía García M.,16,Claudia León M.,1/2-1/2
18,26,Sergio Gallardo A.,20,Martín Domínguez F.,1/2-1/2
19,17,Álvaro Vidal M.,23,Salma Ou S.,1/2-1/2
20,7,Sofía Moreno V.,28,Leo Carrasco P.,1/2-1/2
