mesa,blancas_id,blancas_nombre,negras_id,negras_nombre,resultado
1,3,Amina El F.,14,Laura Aguilar S.,0-1
2,30,Emma Calderón T.,25,Leyla El K.,0-1
3,38,Imane El H.,11,Diego Navarro I.,0-1
4,36,David Martín C.,29,Óscar Santiago A.,0-1
5,2,Carlos Pérez L.,5,Noa Romero S.,0-1
6,37,Yaiza Montero B.,24,Iker Cruz D.,0-1
7,27,Ainhoa Peña B.,22,Julia Herrera C.,0-1
8,40,Aarón Del V.,39,Guillermo Sanz P.,0-1
9,8,Hugo Molina C.,6,Adrián Blanco O.,0-1
10,35,Elena Silva P.,15,Paula Marín R.,0-1
11,31,María Zhou L.,34,Ismael Saidi B.,0-1
12,4,Marcos Ruiz G.,19,Chen Li W.,0-1
13,21,Nora Carmona P.,9,Mehdi Ben A.,0-1
14,18,Daniel Ramos C.,13,Youssef El H.,0-1
15,10,María Castro S.,12,Alejandro Serrano C.,0-1
16,33,Lucas Nuñez P.,17,Álvaro Vidal M.,0-1
17,23,Salma Ou S.,7,Sofía Moreno V.,0-1
18,26,Sergio Gallardo A.,1,Lucía García M.,0-1
19,16,Claudia León M.,20,Martín Domínguez F.,0-1
20,32,Rania El A.,28,Leo Carrasco P.,0-1
