mesa,blancas_id,blancas_nombre,negras_id,negras_nombre,resultado
1,6,Adrián Blanco O.,34,Ismael Saidi B.,0-1
2,31,María Zhou L.,32,Rania El A.,1-0
3,15,Paula Marín R.,40,Aarón Del V.,1-0
4,24,Iker Cruz D.,39,Guillermo Sanz P.,1-0
5,14,Laura Aguilar S.,37,Yaiza Montero B.,1-0
6,18,Daniel Ramos C.,5,Noa Romero S.,0-1
7,35,Elena Silva P.,20,Martín Domínguez F.,1-0
8,19,Chen Li W.,7,Sofía Moreno V.,1-0
9,30,Emma Calderón T.,33,Lucas Nuñez P.,1-0
10,29,Óscar Santiago A.,4,Marcos Ruiz G.,1-0
11,36,David Martín C.,16,Claudia León M.,1-0
12,2,Carlos Pérez L.,17,Álvaro Vidal M.,1-0
13,25,Leyla El K.,1,Lucía García M.,1-0
14,9,Mehdi Ben A.,22,Julia Herrera C.,1-0
15,38,Imane El H.,23,Salma Ou S.,1-0
16,13,Youssef El H.,12,Alejandro Serrano C.,1-0
17,21,Nora Carmona P.,27,Ainhoa Peña B.,1-0
18,3,Amina El F.,8,Hugo Molina C.,1-0
19,11,Diego Navarro I.,28,Leo Carrasco P.,1-0
20,10,María Castro S.,26,Sergio Gallardo A.,1-0
