mesa,blancas_id,blancas_nombre,negras_id,negras_nombre,resultado
1,34,Ismael Saidi B.,30,Emma Calderón T.,0-1
2,13,Youssef El H.,29,Óscar Santiago A.,0-1
3,10,María Castro S.,3,Amina El F.,0-1
4,21,Nora Carmona P.,25,Leyla El K.,0-1
5,31,María Zhou L.,5,Noa Romero S.,0-1
6,19,Chen Li W.,36,David Martín C.,0-1
7,9,Mehdi Ben A.,11,Diego Navarro I.,0-1
8,24,Iker Cruz D.,14,Laura Aguilar S.,0-1
9,15,Paula Marín R.,38,Imane El H.,0-1
10,35,Elena Silva P.,2,Carlos Pérez L.,0-1
11,26,Sergio Gallardo A.,39,Guillermo Sanz P.,0-1
12,17,Álvaro Vidal M.,8,Hugo Molina C.,0-1
13,33,Lucas Nuñez P.,12,Alejandro Serrano C.,1/2-1/2
14,20,Martín Domínguez F.,6,Adrián Blanco O.,0-1
15,1,Lucía García M.,4,Marcos Ruiz G.,0-1
16,32,Rania El A.,27,Ainhoa Peña B.,0-1
17,28,Leo Carrasco P.,37,Yaiza Montero B.,0-1
18,7,Sofía Moreno V.,40,Aarón Del V.,0-1
19,16,Claudia León M.,18,Daniel Ramos C.,0-1
20,23,Salma Ou S.,22,Julia Herrera C.,0-1
