mesa,blancas_id,blancas_nombre,negras_id,negras_nombre,resultado
1,11,Diego Navarro I.,25,Leyla El K.,
2,36,David Martín C.,30,Emma Calderón T.,
3,2,Carlos Pérez L.,38,Imane El H.,
4,29,Óscar Santiago A.,3,Amina El F.,
5,5,Noa Romero S.,14,Laura Aguilar S.,
6,24,Iker Cruz D.,35,Elena Silva P.,
7,18,Daniel Ramos C.,9,Mehdi Ben A.,
8,6,Adrián Blanco O.,15,Paula Marín R.,
9,40,Aarón Del V.,19,Chen Li W.,
10,4,Marcos Ruiz G.,21,Nora Carmona P.,
11,13,Youssef El H.,10,María Castro S.,
12,8,Hugo Molina C.,31,María Zhou L.,
13,39,Guillermo Sanz P.,27,Ainhoa Peña B.,
14,37,Yaiza Montero B.,34,Ismael Saidi B.,
15,22,Julia Herrera C.,33,Lucas Nuñez P.,
16,12,Alejandro Serrano C.,17,Álvaro Vidal M.,
17,28,Leo Carrasco P.,32,Rania El A.,
18,16,Claudia León M.,26,Sergio Gallardo A.,
19,1,Lucía García M.,23,Salma Ou S.,
20,20,Martín Domínguez F.,7,Sofía Moreno V.,
