mesa,blancas_id,blancas_nombre,negras_id,negras_nombre,resultado
1,14,Laura Aguilar S.,29,Óscar Santiago A.,1-0
2,5,Noa Romero S.,25,Leyla El K.,0-1
3,11,Diego Navarro I.,13,Youssef El H.,
4,36,David Martín C.,9,Mehdi Ben A.,
5,24,Iker Cruz D.,30,Emma Calderón T.,
6,39,Guillermo Sanz P.,22,Julia Herrera C.,
7,38,Imane El H.,6,Adrián Blanco O.,
8,2,Carlos Pérez L.,3,Amina El F.,
9,15,Paula Marín R.,34,Ismael Saidi B.,
10,19,Chen Li W.,12,Alejandro Serrano C.,
11,20,Martín Domínguez F.,40,Aarón Del V.,
12,37,Yaiza Montero B.,35,Elena Silva P.,
13,8,Hugo Molina C.,21,Nora Carmona P.,
14,17,Álvaro Vidal M.,18,Daniel Ramos C.,
15,28,Leo Carrasco P.,27,Ainhoa Peña B.,
16,1,Lucía García M.,7,Sofía Moreno V.,
17,4,Marcos Ruiz G.,10,María Castro S.,
18,31,María Zhou L.,33,Lucas Nuñez P.,
19,32,Rania El A.,16,Claudia León M.,
20,23,Salma Ou S.,26,Sergio Gallardo A.,
