﻿pos,id,nombre,curso,grupo,puntos,buchholz,pj
1,14,Laura Aguilar S.,1º ESO,B,4.0,12.5,5
2,25,Leyla El K.,1º ESO,C,4.0,10.5,5
3,29,Óscar Santiago A.,1º ESO,C,3.5,12.0,5
4,5,Noa Romero S.,1º ESO,A,3.5,11.5,5
5,3,Amina El F.,1º ESO,A,3.0,13.5,5
6,11,Diego Navarro I.,1º ESO,B,3.0,13.0,5
7,13,Youssef El H.,1º ESO,B,3.0,9.5,5
8,30,Emma Calderón T.,1º ESO,C,2.5,13.0,5
9,2,Carlos Pérez L.,1º ESO,A,2.5,12.0,5
10,24,Iker Cruz D.,1º ESO,C,2.5,12.0,5
11,9,Mehdi Ben A.,1º ESO,A,2.5,11.0,5
12,15,Paula Marín R.,1º ESO,B,2.5,10.0,5
13,6,Adrián Blanco O.,1º ESO,A,2.5,9.5,5
14,19,Chen Li W.,1º ESO,B,2.5,9.0,5
15,34,Ismael Saidi B.,1º ESO,B,2.5,9.0,5
16,39,Guillermo Sanz P.,1º ESO,C,2.5,7.5,5
17,22,Julia Herrera C.,1º ESO,C,2.5,7.0,5
18,36,David Martín C.,1º ESO,C,2.0,13.0,5
19,38,Imane El H.,1º ESO,B,2.0,12.5,5
20,12,Alejandro Serrano C.,1º ESO,B,2.0,7.5,5
21,18,Daniel Ramos C.,1º ESO,B,1.5,12.0,5
22,21,Nora Carmona P.,1º ESO,C,1.5,12.0,5
23,4,Marcos Ruiz G.,1º ESO,A,1.5,11.5,5
24,37,Yaiza Montero B.,1º ESO,A,1.5,11.5,5
25,40,Aarón Del V.,1º ESO,A,1.5,10.5,5
26,35,Elena Silva P.,1º ESO,C,1.5,10.5,5
27,8,Hugo Molina C.,1º ESO,A,1.5,10.5,5
28,10,María Castro S.,1º ESO,A,1.5,10.0,5
29,27,Ainhoa Peña B.,1º ESO,C,1.5,8.5,5
30,7,Sofía Moreno V.,1º ESO,A,1.5,7.5,5
31,17,Álvaro Vidal M.,1º ESO,B,1.5,7.5,5
32,1,Lucía García M.,1º ESO,A,1.5,7.0,5
33,28,Leo Carrasco P.,1º ESO,C,1.5,6.5,5
34,20,Martín Domínguez F.,1º ESO,B,1.5,6.5,5
35,31,María Zhou L.,1º ESO,A,1.0,11.0,5
36,33,Lucas Nuñez P.,1º ESO,B,1.0,10.0,5
37,23,Salma Ou S.,1º ESO,C,0.5,9.0,5
38,26,Sergio Gallardo A.,1º ESO,C,0.5,7.5,5
39,16,Claudia León M.,1º ESO,B,0.5,7.0,5
40,32,Rania El A.,1º ESO,A,0.5,6.0,5
